{"cameraMode":{"drawMode":0,"name":"Shaded","section":"Shading Mode"},"sceneLighting":false,"audioPlay":false,"sceneViewState":{"showFog":true,"showMaterialUpdate":false,"showSkybox":false,"showFlares":true,"showImageEffects":true,"showParticleSystems":true},"in2DMode":false,"pivot":{"x":-29.033401489257814,"y":-0.1963106393814087,"z":-0.7468372583389282},"rotation":{"x":-0.09905585646629334,"y":-0.04267822578549385,"z":0.0042531960643827919,"w":-0.9941628575325012},"size":2.416912794113159,"orthographic":false}